Stod;Nafn;Skst;Breidd_Y_WGS84;Lengd_X_WGS84;Haed;Spasvaedi;Eigandi;X_ISN93;Y_ISN93;Sample_Z_EU_DEM30m;Sample_Z_ArcticDEM5m;Sample_Z_LMI25m
1679;Skarðsheiði Miðfitjahóll;skahe;64.49018;-21.762133;480;Faxaflói;Landsnet;367265.017;446065.151;455.6655931;469.5829384;460
1689;Botnsheiði;botns;64.45295;-21.40342;500;Faxaflói;Landsnet;384336.378;441213.457;483.990941;490.2148488;486.7912381
3007;Austurárdalsháls;audal;65.123;-20.69612;383;Strandir og Norðurland vestra;Landsnet;420368.949;514780.859;340.7476808;374.3632445;360
3292;Svartárkot;svkot;65.34187;-17.24315;405;Norðurland eystra;Landsnet;581803.497;539250.577;357.1600037;;404.3543483
3490;Gæsafjöll;gaesa;65.78733;-17.003483;390;Norðurland eystra;Landsnet;591391.192;589224.612;385.5679696;391.055468;391.6268891
3596;Rauðhálsar;raudh;65.856;-17.20153;390;Norðurland eystra;Landsnet;582110.299;596606.568;435.9654227;442.9801221;440
4500;Þeistareykir;teist;65.91103;-16.97623;311;Norðurland eystra;Landsnet;592196.786;603050.749;288.416527;304.6292632;304.6197988
5960;Hallormsstaðaháls;hhals;65.07953;-14.67475;573;Miðhálendið;Landsnet;703263.21;515822.546;562.6418695;567.8256557;560
5968;Brúðardalur;bruda;64.99572;-14.51063;300;Austfirðir;Landsnet;711626.193;507040.344;254.8431764;271.809076;280
5969;Þórdalsheiði;tordh;65.00092;-14.46248;500;Austfirðir;Landsnet;713850.502;507780.614;477.0938831;497.4419486;498.2274963
5970;Hallsteinsdalsvarp;halls;65.01817;-14.45348;640;Austfirðir;Landsnet;714135.748;509729.203;626.208029;628.8659423;620
3225;Kolka;kolka;65.233;-19.717;504;Miðhálendið;Landsvirkjun;466473.374;526166.161;457.5945547;486.9872324;488.3690493
4406;Krafla;krafl;65.6945;-16.77483;455;Norðurland eystra;Landsvirkjun;602218.018;579229.64;424.3429401;447.6358225;460
5825;Brúaröræfi;bruor;64.8281;-16.08967;748;Miðhálendið;Landsvirkjun;638118.057;484016.09;738.1244267;749.1114645;740
5847;Innri Sauðá;sauda;64.81611;-15.322778;750;Miðhálendið;Landsvirkjun;674554.053;484577.773;642.1066992;647.9777794;658.060735
5932;Brúarjökull B10;bruar;64.728;-16.11173;845;Miðhálendið;Landsvirkjun;637581.534;472820.513;860.8961476;809.7245244;860
5933;Kárahnjúkar;karah;64.92837;-15.77712;639;Miðhálendið;Landsvirkjun;652369.151;495899.323;626.3612153;640.5752643;640.027162
5943;Eyjabakkar;eyjab;64.81508;-15.42347;655;Miðhálendið;Landsvirkjun;669785.969;484188.905;647.356376;655.1944221;652.893564
6430;Búrfell;bfell;64.11683;-19.74485;249;Suðurland;Landsvirkjun;463705.097;401757.331;240.9485189;247.7864937;242.4544759
6459;Lónakvísl;lonak;64.098;-18.61402;675;Miðhálendið;Landsvirkjun;518821.092;399501.742;661.1541123;675.6121197;674.6217297
6546;Vatnsfell;vfell;64.19558;-19.04667;540;Miðhálendið;Landsvirkjun;497732.302;410323.574;528.1407905;540.5678524;540.0000449
6657;Veiðivatnahraun;veivh;64.3951;-18.50477;647;Miðhálendið;Landsvirkjun;523888.764;432658.965;637.825052;647.5916581;650.8202584
6670;Jökulheimar;jheim;64.317;-18.217;726;Miðhálendið;Landsvirkjun;537877.388;424093.355;711.7578476;729.3481394;720
6748;Setur;setur;64.6043;-19.0186;693;Miðhálendið;Landsvirkjun;499109.631;455887.105;678.6611849;;690.5215819
6760;Þúfuver;tuver;64.57515;-18.60085;613;Miðhálendið;Landsvirkjun;519127.421;452697.724;607.2955495;614.3317822;600
6776;Hágöngur;hagon;64.57117;-18.11108;819;Miðhálendið;Landsvirkjun;542602.504;452493.18;808.5100098;819.849098;820.1300612
6975;Sandbúðir;sandb;64.933;-17.983;820;Miðhálendið;Landsvirkjun;548091.497;492917.509;802.0617548;805.554804;813.3244715
1453;Garðskagaviti;garsk;64.08172;-22.68932;4;Faxaflói;Siglingastofnun;320097.119;402880.353;0;;0
2304;Bjargtangar;bjarg;65.5029;-24.53117;35;Breiðafjörður;Siglingastofnun;244318.574;567259.984;0.090451633;;18.31342142
2862;Hornbjargsviti;hornb;66.41065;-22.3789;22;Strandir og Norðurland vestra;Siglingastofnun;349091.366;661328.259;8.017804816;;20.05715222
2941;Straumnesviti;strnv;66.433;-23.133;7;Vestfirðir;Siglingastofnun;315618.183;665816.616;;;
3720;Skagatá;skagt;66.11922;-20.09887;9;Strandir og Norðurland vestra;Siglingastofnun;450336.345;625222.991;6.073709528;;0
3779;Flatey á Skjálfanda;flats;66.16315;-17.84078;22;Norðurland eystra;Siglingastofnun;552301.056;630170.052;3.713263223;;1.642440694
4472;Bjarnarey;bjarn;65.783;-14.317;20;Austurland að Glettingi;Siglingastofnun;714241.131;595237.436;;;
5210;Ingólfshöfði;ingol;63.80283;-16.6509;57;Suðausturland;Siglingastofnun;615743.3;368687.759;0.078938914;;0.000232489
5777;Papey;papey;64.59115;-14.174688;49;Austfirðir;Siglingastofnun;730871.851;463236.432;24.13377203;;40
5993;Seley;seley;64.983;-13.517;18;Austfirðir;Siglingastofnun;758481.319;509321.238;0.059800535;;0
6176;Skarðsfjöruviti;skafj;63.51787;-17.97852;6;Suðausturland;Siglingastofnun;550852.423;335176.928;0;;0.366559092
1;Reykjavík;rvk;64.12747;-21.90277;52;Faxaflói;Veðurstofa Íslands;358655.274;405975.352;35.62727469;51.42343335;40
4;Reykjavík S;rvk;64.12747;-21.90277;52;Faxaflói;Veðurstofa Íslands;358655.274;405975.352;35.62727469;51.42343335;40
108;Stafholtsey;stey;64.64193;-21.59075;14;Faxaflói;Veðurstofa Íslands;376189.202;462619.309;6.087295931;9.674372531;20
167;Bláfeldur;blfl;64.8393;-23.30035;13;Faxaflói;Veðurstofa Íslands;296084.737;489023.197;5.044401158;14.17041913;16.58680215
178;Stykkishólmur;sth;65.07403;-22.73388;13;Breiðafjörður;Veðurstofa Íslands;324456.877;513438.818;22.63328229;12.49093293;20
195;Ásgarður;asg;65.2297;-21.75427;50;Breiðafjörður;Veðurstofa Íslands;371233.422;528413.646;37.10175144;51.08396744;48.33766141
234;Hólar í Dýrafirði;hold;65.86788;-23.56413;30;Vestfirðir;Veðurstofa Íslands;291870.178;604279.744;6.821253158;;53.09800994
252;Bolungarvík;bol;66.161;-23.2532;18;Vestfirðir;Veðurstofa Íslands;308224.31;635904.438;15.45794385;;25.78814644
293;Litla-Ávík;ltav;66.02133;-21.425;15;Strandir og Norðurland vestra;Veðurstofa Íslands;390004.332;615984.764;9.653635202;9.861981271;2.978917769
361;Bergstaðir;brgs;65.70298;-19.61303;43;Strandir og Norðurland vestra;Veðurstofa Íslands;471842.93;578512.533;23.54210285;39.1717485;28.54191088
400;Sauðanesviti;sdnv;66.1852;-18.9534;30;Strandir og Norðurland vestra;Veðurstofa Íslands;502100.778;632150.392;27.42784173;;35.31529162
422;Akureyri;ak;65.68558;-18.10023;23;Norðurland eystra;Veðurstofa Íslands;541354.186;576730.184;12.15049644;26.05862611;28.1851477
495;Grímsstaðir;grst;65.64232;-16.12082;384;Norðurland eystra;Veðurstofa Íslands;632507.863;574630.386;379.7846516;381.8205643;390
515;Miðfjarðarnes;mdfj;66.06595;-15.07917;25;Austurland að Glettingi;Veðurstofa Íslands;677466.262;624355.832;12.77691557;24.87226669;40
527;Skjaldþingsstaðir;skjl;65.70268;-14.82112;42;Austurland að Glettingi;Veðurstofa Íslands;691805.524;584684.391;26.80486867;42.00821667;37.26026549
571;Egilsstaðaflugvöllur;egflu;65.283;-14.4025;23;Austurland að Glettingi;Veðurstofa Íslands;714387.32;539349.594;24.26949499;50.00562246;22.61773707
620;Dalatangi;dt;65.26817;-13.57593;9;Austfirðir;Veðurstofa Íslands;752985.627;540756.895;5.313067997;;3.6142597
705;Höfn í Hornafirði;hofn;64.25095;-15.213367;4;Suðausturland;Veðurstofa Íslands;683513.182;421993.228;1.106767754;3.074822672;0
802;Vatnsskarðshólar;vtns;63.4236;-19.18303;20;Suðurland;Veðurstofa Íslands;490857.387;324268.33;3.680000067;17.16864919;13.98235329
931;Hjarðarland;hjrl;64.25042;-20.33092;89;Suðurland;Veðurstofa Íslands;435464.004;417115.75;79.11812492;90.49505805;85.0634982
990;Keflavíkurflugvöllur;kvk;63.97468;-22.58758;47;Faxaflói;Veðurstofa Íslands;324376.028;390680.752;29.37950193;47.03298131;40
1350;Keflavíkurflugvöllur;kefla;63.9829;-22.600517;51;Faxaflói;Veðurstofa Íslands;323795.568;391631.679;28.24829299;50.16951298;40
1361;Grindavík;grvik;63.84378;-22.41705;9;Suðurland;Veðurstofa Íslands;331927.267;375645.985;2.097783468;11.17883542;7.709176422
1395;Eyrarbakki;eyrar;63.8692;-21.16018;3;Suðurland;Veðurstofa Íslands;393814.056;375750.914;3.229458529;1.992003227;1.000968835
1473;Straumsvík;strau;64.0438;-22.04045;7;Faxaflói;Veðurstofa Íslands;351507.817;396973.462;0.079689721;;0
1475;Reykjavík;reitr;64.12755;-21.902;52;Faxaflói;Veðurstofa Íslands;358693.151;405982.54;33.53650256;51.83860637;40
1477;Reykjavíkurflugvöllur;rflug;64.12845;-21.9407;12;Faxaflói;Veðurstofa Íslands;356814.751;406169.847;3.426353526;12.05615896;9.172402549
1479;Korpa;korpa;64.15053;-21.75105;35;Faxaflói;Veðurstofa Íslands;366150.03;408213.339;15.60074737;30.8924301;36.07472581
1480;Geldinganes;geldn;64.16778;-21.8038;35;Faxaflói;Veðurstofa Íslands;363670.455;410247.274;24.52767568;32.37750787;26.2689288
1481;Hólmsheiði;holms;64.1085;-21.68637;130;Faxaflói;Veðurstofa Íslands;369096.01;403396.615;110.5680038;134.1956954;120
1485;Bláfjöll úrkomustöð;blafu;63.97998;-21.65563;530;Faxaflói;Veðurstofa Íslands;369991.34;389018.051;486.6512984;501.1251192;500
1486;Bláfjöll;blafj;63.969;-21.6661;530;Faxaflói;Veðurstofa Íslands;369427.466;387816.607;502.526779;519.8887736;519.9361855
1487;Bláfjallaskáli;blafs;63.9831;-21.64965;530;Faxaflói;Veðurstofa Íslands;370298.499;389353.294;469.9174219;485.3112227;487.0271988
1490;Hellisskarð;hells;64.03333;-21.36653;380;Faxaflói;Veðurstofa Íslands;384360.064;394399.384;375.1880383;388.5435905;393.9538195
1493;Ölkelduháls;olkel;64.05528;-21.25317;360;Faxaflói;Veðurstofa Íslands;389984.169;396642.502;360.9614809;375.9204917;378.3713066
1496;Skarðsmýrarfjall;skamy;64.05668;-21.34693;597;Faxaflói;Veðurstofa Íslands;385413.991;396965.034;581.2438816;597.757019;580
1578;Skrauthólar;skrau;64.23182;-21.80463;20;Faxaflói;Veðurstofa Íslands;363946.756;417381.33;15.4885084;30.37942986;32.55325704
1590;Skálafell;sfell;64.24048;-21.4633;771;Faxaflói;Veðurstofa Íslands;380533.399;417656.104;749.8898055;771.4469182;760
1596;Þingvellir;tingv;64.2807;-21.08753;110;Suðurland;Veðurstofa Íslands;398898.531;421481.446;107.3067789;114.7126692;120
1673;Hafnarmelar;hamel;64.46473;-21.96277;20;Faxaflói;Veðurstofa Íslands;357497.258;443667.666;14.41061225;31.51411831;33.66761803
1685;Þyrill;tyril;64.38773;-21.41688;53;Faxaflói;Veðurstofa Íslands;383411.033;433972.74;26.37303373;53.77956685;53.7099272
1779;Hvanneyri;hveyr;64.5622;-21.764933;12;Faxaflói;Veðurstofa Íslands;367481.591;454092.125;4.182896635;11.80012711;20
1868;Fíflholt á Mýrum;fiflh;64.69432;-22.14733;40;Faxaflói;Veðurstofa Íslands;349901.177;469659.581;49.24762101;55.79211812;40
1881;Litla-Skarð;litsk;64.7268;-21.62968;115;Faxaflói;Veðurstofa Íslands;374723.274;472149.251;98.88081695;115.9024668;120
1919;Gufuskálar;gufus;64.9041;-23.9346;7;Breiðafjörður;Veðurstofa Íslands;266630.172;498421.658;0.370280692;5.325726687;3.337562033
1936;Bláfeldur;blafe;64.83933;-23.30117;13;Faxaflói;Veðurstofa Íslands;296046.141;489029.179;5.394154477;12.66887776;16.40740157
1938;Grundarfjörður;grufj;64.9213;-23.25127;10;Breiðafjörður;Veðurstofa Íslands;299022.787;497986.607;0.251425602;5.60682621;3.747201524
2050;Stykkishólmur;stykk;65.0717;-22.73237;12;Breiðafjörður;Veðurstofa Íslands;324512.458;513175.321;4.286338349;12.22257386;20
2175;Ásgarður;asgar;65.2297;-21.75427;50;Breiðafjörður;Veðurstofa Íslands;371233.422;528413.646;37.10175144;51.08396744;48.33766141
2197;Reykir í Hrútafirði;rhrut;65.25428;-21.09778;15;Strandir og Norðurland vestra;Veðurstofa Íslands;402003.28;529974.588;0.172828665;10.6842477;7.527921651
2315;Lambavatn;lamba;65.49238;-24.09252;4;Breiðafjörður;Veðurstofa Íslands;264455.255;564386.927;2.241437292;3.588980845;18.32114231
2481;Hólmavík;holma;65.68732;-21.6813;10;Strandir og Norðurland vestra;Veðurstofa Íslands;376806.211;579242.867;0;5.085398515;2.73498954
2655;Æðey;aedey;66.10065;-22.65937;21;Vestfirðir;Veðurstofa Íslands;334578.234;627509.525;1.971192081;13.98175346;8.010633805
2692;Gjögurflugvöllur;gjogr;65.99508;-21.33037;31;Strandir og Norðurland vestra;Veðurstofa Íslands;394186.79;612898.032;13.78046297;30.27998909;34.48823011
2841;Sléttunes Jökulfjörðum;slett;66.2962;-22.96401;0;Vestfirðir;Veðurstofa Íslands;322190.965;650105.765;0.070737094;;0
3054;Sáta;satax;65.06278;-18.83833;785;Miðhálendið;Veðurstofa Íslands;507608.308;507008.667;778.6875345;791.0735802;789.1155903
3103;Haugur;haugr;65.1839;-20.78505;130;Strandir og Norðurland vestra;Veðurstofa Íslands;416386.549;521682.592;110.1498321;120.9627027;116.4281124
3223;Brúsastaðir;brusa;65.37837;-20.2473;20;Strandir og Norðurland vestra;Veðurstofa Íslands;441999.052;542755.432;5.805463175;20.64486461;20
3242;Nautabú;nauta;65.45825;-19.36912;115;Strandir og Norðurland vestra;Veðurstofa Íslands;482886.462;551139.186;99.31156967;110.294322;109.0893187
3317;Blönduós;bldos;65.658;-20.29252;8;Strandir og Norðurland vestra;Veðurstofa Íslands;440533.957;573968.627;2.150000095;7.807782596;18.73371257
3371;Torfur;torfr;65.50097;-18.1616;26;Norðurland eystra;Veðurstofa Íslands;538806.717;556109.588;13.83505331;27.46475143;27.90505934
3380;Reykir í Fnjóskadal;reykf;65.58512;-17.76667;220;Norðurland eystra;Veðurstofa Íslands;556901.717;565789.732;204.783483;214.0706163;200
3433;Sauðárkrókur flugvöllur;skrok;65.72593;-19.57368;0;Strandir og Norðurland vestra;Veðurstofa Íslands;473673.484;581054.443;4.568807278;1.322066233;1.752817808
3463;Möðruvellir;modru;65.77065;-18.25133;15;Norðurland eystra;Veðurstofa Íslands;534297.527;586124.527;6.632568622;20.28341748;20
3471;Akureyri - Krossanesbraut;akurk;65.69612;-18.11132;31;Norðurland eystra;Veðurstofa Íslands;540827.993;577898.083;12.16851876;30.4122862;28.27977989
3477;Végeirsstaðir í Fnjóskadal;vegei;65.81697;-17.8857;120;Norðurland eystra;Veðurstofa Íslands;550955.017;591535.465;110.2180157;133.3707922;128.0909998
3591;Staðarhóll;sholl;65.820984;-17.344584;40;Norðurland eystra;Veðurstofa Íslands;575682.868;592524.941;32.90053353;;40
3696;Húsavík;husvk;66.04182;-17.32808;28;Norðurland eystra;Veðurstofa Íslands;575786.019;617161.994;11.98080203;;35.16956373
3754;Siglunes;sines;66.19377;-18.84308;8;Strandir og Norðurland vestra;Veðurstofa Íslands;507071.744;633114.163;0;;0.061607618
3797;Mánárbakki;manar;66.1994;-17.10275;17;Norðurland eystra;Veðurstofa Íslands;585469.727;635015.915;11.03617038;11.08731114;12.68251813
3976;Grímsey;grimy;66.54378;-18.01673;19;Norðurland eystra;Veðurstofa Íslands;543703.049;672483.851;0;;24.32432313
4019;Upptyppingar;uppty;65.06065;-16.2104;563;Miðhálendið;Veðurstofa Íslands;631248.629;509657.772;535.5147622;564.2386442;560
4060;Hallormsstaður;hallm;65.09417;-14.74467;60;Austurland að Glettingi;Veðurstofa Íslands;699872.575;517227.982;49.90198484;;58.68248466
4193;Dalatangi;dalat;65.26815;-13.57497;10;Austfirðir;Veðurstofa Íslands;753030.484;540758.515;;;
4271;Egilsstaðaflugvöllur;egils;65.27618;-14.4046;24;Austurland að Glettingi;Veðurstofa Íslands;714344.79;538584.13;10.77093748;24.62198318;27.73843368
4300;Mývatn;myvtn;65.61962;-16.97677;282;Norðurland eystra;Veðurstofa Íslands;593211.955;570573.069;271.1010618;273.3270063;280
4323;Grímsstaðir á Fjöllum;grist;65.64218;-16.128416;390;Norðurland eystra;Veðurstofa Íslands;632159.224;574598.891;372.6246787;382.3520783;390
4455;Skjaldþingsstaðir;skjal;65.70355;-14.82078;44;Austurland að Glettingi;Veðurstofa Íslands;691814.698;584782.217;27.38526828;35.84621749;35.44333625
4614;Ásbyrgi;asbrg;66.02995;-16.4833;38;Norðurland eystra;Veðurstofa Íslands;614114.676;617107.842;25.00249451;29.5467092;36.35578658
4652;Miðfjarðarnes;midfj;66.06682;-15.079933;25;Austurland að Glettingi;Veðurstofa Íslands;677425.758;624450.525;12.15355953;23.28643695;40
4828;Raufarhöfn;raufa;66.456;-15.9527;4;Norðurland eystra;Veðurstofa Íslands;635867.057;665627.931;0;3.769111065;11.7961522
4830;Möðrudalur;modal;65.37537;-15.88333;450;Austurland að Glettingi;Veðurstofa Íslands;644896.078;545421.238;448.1726678;452.6196319;443.1756558
4867;Fontur;fontr;66.37835;-14.53258;43;Norðurland eystra;Veðurstofa Íslands;699707.485;660751.077;0;;35.8263097
4912;Rauðinúpur;raudi;66.5082;-16.54438;59;Norðurland eystra;Veðurstofa Íslands;609275.141;670297.797;29.40865114;;60
5309;Fagurhólsmýri;fagho;63.87433;-16.63643;16;Suðausturland;Veðurstofa Íslands;616157.959;376680.155;2.51509988;10.98813878;19.449304
5316;Kvísker;ksker;63.97768;-16.43655;30;Suðausturland;Veðurstofa Íslands;625508.821;388575.562;14.90216667;25.52159219;58.88983442
5544;Höfn í Hornafirði;hofnh;64.26908;-15.21352;5;Suðausturland;Veðurstofa Íslands;683384.788;424010.312;2.735353799;3.653029416;0
5872;Teigarhorn;teiga;64.67567;-14.34438;21;Austfirðir;Veðurstofa Íslands;722074.444;472024.322;13.09127782;20.82650784;22.69409012
5885;Kambanes;kamba;64.80123;-13.8423;30;Austfirðir;Veðurstofa Íslands;744832.493;487833.895;12.94791038;;17.1611886
5940;Brú á Jökuldal;brujd;65.10857;-15.52973;373;Austurland að Glettingi;Veðurstofa Íslands;662951.519;516577.506;361.946072;374.7996415;370.2330279
5975;Kollaleira;kolla;65.03675;-14.23968;43;Austfirðir;Veðurstofa Íslands;724031.037;512535.9;30.34707314;44.51306747;49.57324325
5988;Vattarnes;vatta;64.93702;-13.6846;5;Austfirðir;Veðurstofa Íslands;751029.682;503538.548;2.693423357;5.488930214;0
6012;Surtsey;surte;63.2993;-20.59947;36;Suðurland;Veðurstofa Íslands;419761.94;311410.425;0;;33.74211198
6015;Vestmannaeyjabær;vestb;63.43587;-20.27578;40;Suðurland;Veðurstofa Íslands;436304.788;326265.937;15.94609219;;38.42814505
6017;Stórhöfði;storh;63.39957;-20.28825;118;Suðurland;Veðurstofa Íslands;435599.816;322231.933;103.5180267;;100
6045;Vatnsskarðshólar;vskho;63.4236;-19.18303;20;Suðurland;Veðurstofa Íslands;490857.387;324268.33;3.680000067;17.16864919;13.98235329
6134;Önundarhorn;onund;63.5242;-19.6357;12;Suðurland;Veðurstofa Íslands;468359.148;335630.94;7.740509056;9.212762581;10.97935418
6208;Þykkvibær;opart;63.74775;-20.61815;10;Suðurland;Veðurstofa Íslands;420104.773;361418.785;6.623929903;3.46243504;7.631978045
6222;Sámsstaðir;samst;63.73537;-20.10907;90;Suðurland;Veðurstofa Íslands;445212.921;359496.55;57.45406514;67.25414193;60
6235;Tindfjöll;tindf;63.77572;-19.67732;870;Miðhálendið;Veðurstofa Íslands;466588.112;363693.565;860.913347;873.4271359;873.2413587
6237;Básar á Goðalandi;basar;63.67908;-19.48138;239;Suðurland;Veðurstofa Íslands;476171.475;352830.828;231.8067883;237.897639;240
6272;Kirkjubæjarklaustur - Stjórnarsandur;klaus;63.79305;-18.01195;22;Suðausturland;Veðurstofa Íslands;548708.81;365827.337;11.41937626;21.76326493;33.48618111
6310;Kálfhóll;kalfh;63.96278;-20.56693;52;Suðurland;Veðurstofa Íslands;423227.355;385320.906;42.5255358;51.51760933;57.5385272
6315;Hella;hella;63.82568;-20.36538;20;Suðurland;Veðurstofa Íslands;432770.665;369810.605;23.11190382;34.21351811;32.27483405
6420;Árnes;arnes;64.04053;-20.25208;90;Suðurland;Veðurstofa Íslands;438823.009;393643.183;71.05106225;86.46856392;88.56154715
6424;Mörk á Landi;morla;64.02925;-20.01893;125;Suðurland;Veðurstofa Íslands;450193.418;392181.185;113.3732448;121.1174678;120
6472;Laufbali;laufb;64.02353;-18.11957;556;Miðhálendið;Veðurstofa Íslands;543045.881;391441.854;541.584509;549.0480384;544.9177453
6499;Skaftafell;skaft;64.01568;-16.96667;94;Suðausturland;Veðurstofa Íslands;599427.55;391866.089;70.66139745;84.78407739;95.69323269
6515;Hjarðarland;hjard;64.25063;-20.3307;88;Suðurland;Veðurstofa Íslands;435475.163;417138.931;78.82213576;90.71997365;85.13318005
6802;Húsafell;husaf;64.69898;-20.869;133;Faxaflói;Veðurstofa Íslands;410857.327;467759.729;125.8108237;134.4257582;137.6858039
6935;Hveravellir;hvell;64.86675;-19.56222;641;Miðhálendið;Veðurstofa Íslands;473347.481;485263.518;624.8447016;640.7214247;640.059719
7474;Reykjavík turnþak;turnx;64.13333;-21.9;52;Faxaflói;Veðurstofa Íslands;358820.018;406621.762;20.35377717;37.39328324;40
7475;Reykjavík búveðurstöð;reits;64.12743;-21.90243;52;Faxaflói;Veðurstofa Íslands;358671.614;405970.137;34.94910318;51.27392141;40
7476;Reykjavík sólgeislun;reitx;64.1276;-21.90217;52;Faxaflói;Veðurstofa Íslands;358685.135;405988.488;34.15621043;51.48006624;40
7790;Dyngjujökull;djoku;64.5039;-17.2348;1689;Miðhálendið;Veðurstofa Íslands;584800.389;445878.419;1657.445727;1674.374767;1679.358716
1924;Ólafsvík;olvik;64.89483;-23.71433;15;Breiðafjörður;Veðurstofa Íslands - Ofanflóð;276950.537;496596.067;7.125130007;17.70295887;20
2266;Reykhólar;rehol;65.43765;-22.20562;7;Breiðafjörður;Veðurstofa Íslands - Ofanflóð;351324.024;552562.813;2.191677842;5.465887608;4.524797344
2319;Patreksfjörður;patro;65.59507;-23.97483;43;Breiðafjörður;Veðurstofa Íslands - Ofanflóð;270787.491;575367.583;17.37178852;35.11708931;34.67065418
2320;Patreksfjörður - Brellur;patrb;65.60475;-23.99032;620;Breiðafjörður;Veðurstofa Íslands - Ofanflóð;270160.389;576499.775;383.8938241;402.8210631;400
2323;Tálknafjörður;talkn;65.6276;-23.83023;8;Breiðafjörður;Veðurstofa Íslands - Ofanflóð;277713.553;578467.361;8.264222539;8.547109478;10.36711607
2428;Bíldudalur;bildu;65.67942;-23.61217;16;Vestfirðir;Veðurstofa Íslands - Ofanflóð;288151.577;583480.446;9.149670441;16.87866757;17.03744366
2631;Flateyri;feyri;66.05;-23.51;3;Vestfirðir;Veðurstofa Íslands - Ofanflóð;295781.984;624359.678;0;2.050493554;0.390534984
2636;Þverfjall;tverf;66.04443;-23.30745;753;Vestfirðir;Veðurstofa Íslands - Ofanflóð;304896.859;623100.315;724.6278115;;740
2640;Seljalandsdalur;selja;66.07595;-23.19867;550;Vestfirðir;Veðurstofa Íslands - Ofanflóð;310049.923;626276.123;562.7668966;579.5130342;577.5989602
2641;Seljalandsdalur - skíðaskáli;selsk;66.06873;-23.2103;283;Vestfirðir;Veðurstofa Íslands - Ofanflóð;309470.968;625507.737;277.2454603;281.9094338;286.4475935
2642;Ísafjörður;isafj;66.05963;-23.16993;2;Vestfirðir;Veðurstofa Íslands - Ofanflóð;311228.281;624374.04;1.36652927;1.680639928;1.782555493
2646;Súðavík;sudav;66.0426;-22.98605;11;Vestfirðir;Veðurstofa Íslands - Ofanflóð;319421.526;621941.679;2.208724202;10.15113598;10.77186509
2693;Gjögur úrkomustöð;gjogu;65.996765;-21.3278;30;Strandir og Norðurland vestra;Veðurstofa Íslands - Ofanflóð;394310.348;613081.508;13.03578245;;30.59552647
2738;Bolungarvík;bolun;66.16102;-23.25383;27;Vestfirðir;Veðurstofa Íslands - Ofanflóð;308196.096;635908.575;18.41175291;25.45419197;27.61874574
3474;Vaðlaheiði;vadla;65.74852;-18.0011;580;Norðurland eystra;Veðurstofa Íslands - Ofanflóð;545799.036;583815.692;599.6575762;619.2422555;600
3658;Ólafsfjörður;olfjo;66.07385;-18.66558;5;Norðurland eystra;Veðurstofa Íslands - Ofanflóð;515141.637;619771.735;4.276012503;;6.883156434
3752;Siglufjörður;sifjo;66.13488;-18.919;6;Strandir og Norðurland vestra;Veðurstofa Íslands - Ofanflóð;503658.757;626540.111;1.919999957;;2.458256537
4180;Seyðisfjörður - Vestdalur;seyfj;65.28137;-14.00042;92;Austfirðir;Veðurstofa Íslands - Ofanflóð;733113.653;540591.516;70.52054891;91.84623583;84.66183973
4181;Seyðisfjörður - Kálfabotnar;seyka;65.26507;-14.03288;400;Austfirðir;Veðurstofa Íslands - Ofanflóð;731745.918;538660.553;544.5571365;;541.8967706
4182;Seyðisfjörður;seydi;65.25487;-14.00645;37;Austfirðir;Veðurstofa Íslands - Ofanflóð;733066.21;537624.067;2.660000086;12.49916858;20
4275;Gagnheiði;gagnh;65.22347;-14.25888;949;Austfirðir;Veðurstofa Íslands - Ofanflóð;721569.417;533226.024;943.2383247;949.880861;940
4380;Bakkagerði;bfjeb;65.52352;-13.816731;28;Austurland að Glettingi;Veðurstofa Íslands - Ofanflóð;739448.486;568188.351;6.002356475;18.66944455;25.88199841
5981;Eskifjörður;eskif;65.07633;-14.03695;2;Austfirðir;Veðurstofa Íslands - Ofanflóð;733206.681;517668.554;0.125972036;1.098793688;0
5982;Fáskrúðsfjörður Ljósaland;faskr;64.93723;-14.0407;8;Austfirðir;Veðurstofa Íslands - Ofanflóð;734246.117;502195.106;3.092134787;4.870282269;10.78722303
5990;Neskaupstaður;nkaup;65.15027;-13.66942;50;Austfirðir;Veðurstofa Íslands - Ofanflóð;749742.602;527288.368;40.85988655;44.59761249;44.61025568
5992;Neskaupstaður - Drangagil;nkaud;65.16177;-13.68803;559;Austfirðir;Veðurstofa Íslands - Ofanflóð;748765.16;528492.54;558.0250703;553.7513599;550.3058773
7659;Ólafsfjörður - Tindaöxl;olfti;66.06303;-18.6309;450;Norðurland eystra;Veðurstofa Íslands - Ofanflóð;516718.882;618573.864;431.6885616;;436.2573201
7736;Bolungarvík - Traðargil;boltr;66.16842;-23.26807;500;Vestfirðir;Veðurstofa Íslands - Ofanflóð;307610.669;636775.246;340.7476845;539.6031624;541.8376258
7738;Bolungarvík - Snjóflóðavarnargarður;bolsn;66.16055;-23.26468;0;Strandir og Norðurland vestra;Veðurstofa Íslands - Ofanflóð;307704.081;635889.239;24.86253196;33.22162482;37.66360972
7753;Siglufjörður - Hafnarfjall;sifhf;66.15353;-18.9352;550;Strandir og Norðurland vestra;Veðurstofa Íslands - Ofanflóð;502924.874;628619.159;540.7898704;;550.9550963
31109;Arnarnesvegur;arnve;64.08875;-21.836569;116;Faxaflói;Vegagerðin;361682.991;401516.748;82.09999847;100.3941904;100
31122;Miklidalur;mikli;65.5807;-23.8552;370;Breiðafjörður;Vegagerðin;276165.468;573341.535;391.0847599;366.3734156;361.2058091
31363;Reykjanesbraut;rbrau;64.00267;-22.22957;25;Faxaflói;Vegagerðin;342045.058;392852.13;36.97307945;50.29970152;45.3683461
31364;Grindavíkurvegur;grveg;63.868332;-22.423532;57;Suðurland;Vegagerðin;331756.915;378396.466;21.12949329;47.49329422;54.87535598
31365;Festarfjall;festf;63.85948;-22.343582;135;Faxaflói;Vegagerðin;335630.028;377200.666;77.96270241;98.84070795;93.90524375
31380;Selvogur;selvg;63.8456;-21.69585;20;Suðurland;Vegagerðin;367384.836;374133.471;3.069999933;12.7582319;11.97314438
31387;Þrengsli;treng;63.98757;-21.46328;260;Suðurland;Vegagerðin;379436.011;389482.322;238.0771112;264.9049313;261.4234726
31392;Hellisheiði;hellh;64.01878;-21.34238;360;Suðurland;Vegagerðin;385479.516;392734.451;359.4941828;363.2097247;361.7307146
31399;Ingólfsfjall;ingfj;63.9574;-21.06328;51;Suðurland;Vegagerðin;398896.423;385419.66;31.52551497;48.77712838;52.04597709
31488;Sandskeið;sansk;64.06213;-21.559269;105;Faxaflói;Vegagerðin;375076.817;397974.406;158.3688236;176.3974476;180
31572;Akrafjall;akrfj;64.31052;-21.96605;37;Faxaflói;Vegagerðin;356533.316;426502.622;18.07919692;29.24501511;32.29806711
31577;Blikdalsá;blikd;64.266396;-21.832878;46;Faxaflói;Vegagerðin;362750.025;421293.135;17.05723317;46.82054751;48.58392956
31579;Kjalarnes;kjaln;64.21065;-21.7667;10;Faxaflói;Vegagerðin;365682.31;414942.447;17.51047692;37.15554386;33.46348322
31591;Mosfellsheiði;moshe;64.214035;-21.344767;270;Faxaflói;Vegagerðin;386170.058;414491.391;244.5867284;266.8224356;260
31599;Gjábakki;gjabk;64.248116;-21.023033;132;Suðurland;Vegagerðin;401904.886;417749.251;162.9728222;180.6429066;179.2434279
31674;Hafnarfjall;hfnfj;64.47547;-21.96028;25;Faxaflói;Vegagerðin;357672.979;444858.036;20.4722487;34.88366512;28.85745493
31840;Hraunsmúli;hramu;64.82207;-23.18935;10;Faxaflói;Vegagerðin;301213.16;486753.163;4.054175258;10.72258282;6.823221291
31882;Kolás;kolas;64.695564;-21.6359;66;Faxaflói;Vegagerðin;374281.977;468682.425;71.34404556;60.61805576;60
31931;Fróðárheiði;frohe;64.84787;-23.48072;361;Breiðafjörður;Vegagerðin;287613.597;490570.181;355.0690472;367.9789423;360
31932;Búlandshöfði;bulah;64.93657;-23.50335;25;Breiðafjörður;Vegagerðin;287246.563;500509.746;5.52020557;;20.79529816
31942;Kolgrafafjarðarbrú;kolbr;64.96645;-23.126;3;Breiðafjörður;Vegagerðin;305264.625;502616.921;0.053096969;4.65097289;0
31948;Vatnaleið;vatna;64.90952;-22.86492;226;Faxaflói;Vegagerðin;317183.199;495503.27;195.2781544;219.7036872;219.9745198
31950;Stórholt;sholt;64.986;-22.808384;70;Breiðafjörður;Vegagerðin;320367.512;503851.672;53.99973103;64.51718949;64.0757964
31958;Hafursfell;hafur;64.83098;-22.53282;65;Faxaflói;Vegagerðin;332385.874;485842.006;37.07245874;53.39828468;55.7977915
31985;Brattabrekka;bratt;64.87163;-21.51545;390;Breiðafjörður;Vegagerðin;380804.482;488060.777;367.3166032;;386.7175147
32097;Holtavörðuheiði;holta;64.98992;-21.05762;370;Strandir og Norðurland vestra;Vegagerðin;402919.557;500456.301;372.9443318;396.3006239;380
32179;Svínadalur í Dölum;svina;65.30585;-21.73962;230;Breiðafjörður;Vegagerðin;372285.709;536865.747;207.883501;224.4826189;220
32190;Laxárdalsheiði;laxhe;65.20658;-21.32768;200;Breiðafjörður;Vegagerðin;391072.468;525036.146;189.6252393;215.3631574;216.6380489
32224;Kleifaheiði;klehe;65.51717;-23.7211;400;Breiðafjörður;Vegagerðin;281807.588;565809.648;395.0099636;409.0843726;411.2365506
32322;Hálfdán;halfd;65.64445;-23.71058;525;Breiðafjörður;Vegagerðin;283349.368;579925.395;485.702768;498.5034088;500
32355;Klettsháls;klett;65.65497;-22.60883;330;Breiðafjörður;Vegagerðin;334024.884;577761.587;256.8494052;288.1545427;284.1128108
32365;Hjallaháls;hjall;65.564;-22.246082;305;Breiðafjörður;Vegagerðin;350172.088;566727.373;276.4148682;293.8780201;299.9998345
32372;Gillastaðamelar;gilla;65.52772;-22.02338;72;Breiðafjörður;Vegagerðin;360249.73;562177.19;44.51425008;66.80557034;71.45649867
32377;Þröskuldar;thros;65.55242;-21.83302;370;Breiðafjörður;Vegagerðin;369166.062;564520.798;357.3985289;370.4340485;372.6100459
32390;Ennisháls;ennis;65.57237;-21.329;260;Strandir og Norðurland vestra;Vegagerðin;392512.866;565793.27;261.1154391;;297.7483096
32474;Steingrímsfjarðarheiði;stehe;65.75032;-22.12913;440;Vestfirðir;Vegagerðin;356593.586;587204.456;425.1498594;436.569266;439.75582
32533;Gemlufallsheiði;gemlu;65.94;-23.4364;250;Vestfirðir;Vegagerðin;298249.028;611887.428;231.7311436;;248.9587026
32635;Botn í Súgandafirði;botis;66.08083;-23.3733;270;Vestfirðir;Vegagerðin;302199.541;627354.644;13.4962939;;64.78287667
32654;Ögur;oguri;66.04488;-22.6817;40;Vestfirðir;Vegagerðin;333207.938;621359.286;0.014226718;16.00958069;0
33204;Gauksmýri;gauks;65.34442;-20.80398;120;Strandir og Norðurland vestra;Vegagerðin;416010.707;539596.565;97.67468078;119.1771238;118.1118893
33357;Öxnadalsheiði;oxnad;65.46762;-18.69872;540;Norðurland eystra;Vegagerðin;513963.315;552167.192;534.0420565;;534.667457
33394;Mývatnsheiði;myvhe;65.61425;-17.2169;350;Norðurland eystra;Vegagerðin;582168.976;569641.498;297.0058204;333.4651147;320
33419;Blönduós Vegagerðarstöð;blond;65.66678;-20.23827;40;Strandir og Norðurland vestra;Vegagerðin;443048.731;574897.452;44.71033787;70.96245885;60
33424;Þverárfjall;tvera;65.78005;-20.01855;330;Strandir og Norðurland vestra;Vegagerðin;453356.742;587345.344;309.6530946;323.7848008;316.6926749
33431;Vatnsskarð;vtnsk;65.5085;-19.6945;420;Strandir og Norðurland vestra;Vegagerðin;467862.858;556868.339;408.3373098;426.5776139;420
33451;Miðsitja í Skagafirði;midsi;65.4901;-19.286283;41;Strandir og Norðurland vestra;Vegagerðin;486743.091;554670.323;15.46472635;;40
33480;Kaldakinn;kakin;65.742615;-17.592;120;Norðurland eystra;Vegagerðin;564568.067;583514.493;92.64622426;;125.1813966
33487;Fljótsheiði;flhei;65.69701;-17.503233;238;Norðurland eystra;Vegagerðin;568758.393;578524.365;216.8369845;;219.6008619
33495;Hólasandur;holas;65.73737;-17.10567;350;Norðurland eystra;Vegagerðin;586881.893;583512.409;338.1113144;352.267492;360
33563;Hámundarstaðaháls;hamun;65.95175;-18.45928;103;Norðurland eystra;Vegagerðin;524598.623;606220.83;74.09818655;91.97242059;80
33576;Víkurskarð;viksk;65.813;-17.991;325;Norðurland eystra;Vegagerðin;546147.325;591011.976;308.3214505;317.2049969;319.9637022
33643;Stafá;stafa;66.07108;-19.27845;40;Norðurland eystra;Vegagerðin;487391.156;619450.547;9.872525447;25.82662959;20.82801395
33654;Héðinsfjörður;hedfj;66.102234;-18.81295;0;Norðurland eystra;Vegagerðin;508459.781;622909.568;7.953772425;;20.01242207
33661;Ólafsfjarðarvegur við Sauðanes;olafv;66.04235;-18.52075;73;Norðurland eystra;Vegagerðin;521725.673;616301.224;29.72278374;;69.47722777
33750;Siglufjarðarvegur;siveg;66.12898;-19.07213;20;Strandir og Norðurland vestra;Vegagerðin;496741.148;625881.648;59.24838642;;80.45970283
33751;Siglufjarðarvegur Herkonugil;siher;66.17837;-18.9752;0;Strandir og Norðurland vestra;Vegagerðin;501118.31;631388.126;70.40884524;;85.55003996
34073;Fagridalur;fagri;65.12642;-14.33267;350;Austfirðir;Vegagerðin;718925.363;522179.145;334.9883841;347.7692954;360
34081;Græfur í Fagradal;grfur;65.16817;-14.33895;322;Austfirðir;Vegagerðin;718288.457;526799.291;303.6007735;311.6630699;314.0180341
34087;Oddsskarð;oddsk;65.06373;-13.91873;520;Austfirðir;Vegagerðin;738862.628;516709.683;509.0477359;521.728599;521.5069889
34148;Jökuldalur;jodal;65.30195;-15.223733;473;Austurland að Glettingi;Vegagerðin;676016.569;538921.879;454.1067573;463.2226846;457.5635324
34175;Fjarðarheiði;fjahe;65.26613;-14.25897;600;Austfirðir;Vegagerðin;721208.867;537968.407;592.5421076;604.0637482;600
34238;Möðrudalsöræfi II;modhe;65.45698;-15.5855;550;Norðurland eystra;Vegagerðin;658238.303;555222.074;542.7589369;556.7292077;547.6585938
34326;Biskupsháls;biskh;65.55835;-16.01133;521;Norðurland eystra;Vegagerðin;637985.671;565512.21;504.8974637;522.1104987;520
34348;Vopnafjarðarheiði;vopfh;65.59465;-15.315783;440;Austurland að Glettingi;Vegagerðin;669830.122;571247.378;425.19372;435.9166202;437.9785271
34382;Vatnsskarð eystra;vtney;65.56233;-13.98973;430;Austurland að Glettingi;Vegagerðin;731130.991;571857.574;431.6621767;428.3051659;419.3233067
34413;Mývatnsöræfi;myvor;65.65757;-16.50057;390;Norðurland eystra;Vegagerðin;614973.303;575585.907;383.6929451;390.2779943;379.9763068
34450;Hauksstaðir;haust;65.65707;-15.165183;212;Austurland að Glettingi;Vegagerðin;676342.002;578607.186;182.0446275;202.1203934;204.6241213
34559;Sandvíkurheiði;sanhe;65.89137;-14.82532;275;Austurland að Glettingi;Vegagerðin;690224.615;605665.817;240.1135686;264.777727;260
34700;Tjörnes - Gerðibrekka;tjnes;66.14868;-16.97523;93;Norðurland eystra;Vegagerðin;591393.647;629540.516;62.32957823;84.01713736;90.73424968
34732;Hófaskarð;hofas;66.29843;-15.893267;0;Norðurland eystra;Vegagerðin;639378.17;648203.4;198.9849973;214.2743448;205.7230521
34733;Hálsar;halsr;66.25315;-15.81613;180;Norðurland eystra;Vegagerðin;643090.131;643331.911;174.3924071;182.069933;181.7416575
35107;Hvaldalsá;hvald;64.4202;-14.537583;110;Suðausturland;Vegagerðin;714882.929;442950.857;2.266025414;3.265922769;5.440022602
35305;Öræfi;orafi;63.93868;-16.79585;75;Suðausturland;Vegagerðin;608076.446;383566.899;64.95809252;77.98765302;77.23881608
35315;Kvísker Vegagerðarstöð;kvisk;63.9596;-16.42442;30;Suðausturland;Vegagerðin;626184.488;386585.721;9.44285979;22.3611534;19.52112389
35666;Hvalnes;hvaln;64.40742;-14.53933;20;Austfirðir;Vegagerðin;714899.39;441523.751;8.933619156;17.7919668;12.89119076
35769;Hamarsfjörður;hamaf;64.655815;-14.452717;0;Austfirðir;Vegagerðin;717074.837;469440.456;0.757520619;;10.12184274
35880;Streiti;strei;64.71995;-14.03628;10;Austfirðir;Vegagerðin;736354.434;478063.515;9.712685276;16.60110711;21.95483981
35884;Kambaskriður;kambs;64.79815;-13.890117;0;Austfirðir;Vegagerðin;742595.345;487307.322;40.29743239;;43.25969586
35963;Öxi;oxixx;64.82573;-14.65732;531;Austfirðir;Vegagerðin;706023.177;487651.179;525.4033066;525.1203254;523.1592658
35965;Breiðdalsheiði;brehe;64.90683;-14.60337;480;Austfirðir;Vegagerðin;707950.254;496847.375;470.5065298;475.8764037;478.3336265
36049;Reynisfjall;reyni;63.45207;-19.03775;125;Suðausturland;Vegagerðin;498116.226;327430.057;96.28112326;123.4033852;119.7447202
36122;Markarfljót;marka;63.621567;-20.028517;42;Suðurland;Vegagerðin;448985.381;346742.815;9.671552856;31.00353119;30.48664238
36127;Hvammur;hvamm;63.57843;-19.90162;20;Suðurland;Vegagerðin;455210.445;341837.683;3.773051011;7.811630265;9.532683324
36132;Steinar;stein;63.54292;-19.69057;20;Suðurland;Vegagerðin;465650.994;337746.679;10.97127493;18.86865391;19.96180377
36156;Mýrdalssandur;mysan;63.46615;-18.60443;35;Suðausturland;Vegagerðin;519729.506;329061.129;19.26458356;27.82780814;27.52786445
36270;Eldhraun;eldhr;63.73377;-18.19772;90;Suðausturland;Vegagerðin;539635.157;359089.071;73.95052772;78.25837289;78.87047679
36308;Þjórsárbrú;tjors;63.93062;-20.6653;49;Suðurland;Vegagerðin;418314.305;381859.983;29.00347681;46.75759559;40.13116722
36386;Lómagnúpur;lomag;63.95745;-17.55503;55;Suðausturland;Vegagerðin;570811.81;384584.495;26.26039739;37.00052937;39.9853995
36391;Gígjukvísl;gigju;63.93622;-17.35027;58;Suðausturland;Vegagerðin;580905.845;382464.067;29.00919966;51.87968449;52.42561163
36411;Skálholt;skalh;64.13228;-20.53078;60;Suðurland;Vegagerðin;425455.723;404168.492;82.0352433;95.78460883;93.98612906
36415;Bræðratunguvegur;brtve;64.1575;-20.36745;66;Suðurland;Vegagerðin;433468.89;406797.098;52.49513111;64.66797105;63.16702408
36504;Lyngdalsheiði;lyngh;64.20182;-20.8062;215;Suðurland;Vegagerðin;412268.456;412271.775;191.7892415;204.5414662;204.4226329
36519;Gullfoss;gullf;64.30767;-20.2119;191;Suðurland;Vegagerðin;441356.858;423380.79;146.4332141;158.5762594;156.8965799
